test,impl,display_name,keys,value,mean_ms,median_ms,stddev_ms,min_ms,max_ms,runs,success_rate
insert,askl,ASKL Map (C),5000,1.2325000000000002,1.37356869,1.2325000000000002,0.3500961743129442,1.0742500000000001,2.878375,100,100.0
insert,abseil,Abseil (C++),5000,6.863979500000001,6.9971470500000015,6.863979500000001,0.38019856065308055,6.658042,8.571334,100,100.0
insert,folly,F14FastMap (C++),5000,8.258125000000001,8.39444577,8.258125000000001,0.613151142076136,7.991750000000001,12.429333000000002,100,100.0
insert,rust,HashMap (rust),5000,1.1869580000000002,1.2187637599999999,1.1869580000000002,0.088945819733493,1.1234160000000002,1.551833,100,100.0
insert,mstar,M*DICT (C),5000,1.1772085,1.338992060000001,1.1772085,0.3622981847612118,1.0597500000000002,2.758541,100,100.0
insert,verstable,Verstable (C),5000,1.339104,1.5084683300000001,1.339104,0.3827573993830371,1.203292,2.9970830000000004,100,100.0
insert,python,dict (python),5000,11.178750500000001,11.191009610000004,11.178750500000001,0.14684061021096712,10.764917,11.611541,100,100.0
insert,khash,khash (C),5000,1.2447920000000001,1.3620762400000008,1.2447920000000001,0.3227545819495937,1.065,2.673584,100,100.0
insert,khashl,khashl (C),5000,1.268437,1.4133432700000008,1.268437,0.33329904758484813,1.1503750000000001,2.677292,100,100.0
insert,askl,ASKL Map (C),8000,1.3962500000000002,1.4016187600000005,1.3962500000000002,0.040856764348052854,1.3402500000000002,1.519292,100,100.0
insert,abseil,Abseil (C++),8000,7.0958745,7.100534990000002,7.0958745,0.09814349487589304,6.9275,7.708792000000001,100,100.0
insert,folly,F14FastMap (C++),8000,8.4671045,8.464128370000001,8.4671045,0.12623880083186703,8.183458000000002,8.722833000000001,100,100.0
insert,rust,HashMap (rust),8000,1.426021,1.4364062799999995,1.426021,0.05033610885405499,1.35425,1.641583,100,100.0
insert,mstar,M*DICT (C),8000,1.4653125,1.47290292,1.4653125,0.03725096615835501,1.4272920000000002,1.6139580000000002,100,100.0
insert,verstable,Verstable (C),8000,1.6857295,1.6922079099999994,1.6857295,0.04495586984855596,1.609625,1.82725,100,100.0
insert,python,dict (python),8000,11.5144795,11.53307128,11.5144795,0.1576526611248253,11.078167,12.27575,100,100.0
insert,khash,khash (C),8000,1.4352085,1.43879463,1.4352085,0.04389219288962099,1.369,1.5999170000000003,100,100.0
insert,khashl,khashl (C),8000,1.618833,1.6213279100000006,1.618833,0.04252239468110963,1.5379170000000002,1.776334,100,100.0
insert,askl,ASKL Map (C),10000,1.548396,1.5626441599999996,1.548396,0.04908385144033185,1.4999170000000002,1.7454580000000002,100,100.0
insert,abseil,Abseil (C++),10000,7.1731045,7.175287020000005,7.1731045,0.12672266874533142,6.9557080000000004,7.790834000000001,100,100.0
insert,folly,F14FastMap (C++),10000,8.618542,8.622953380000002,8.618542,0.10992234043947809,8.403333,9.073208000000001,100,100.0
insert,rust,HashMap (rust),10000,1.4963545,1.50582754,1.4963545,0.04910951903868035,1.437083,1.6682910000000002,100,100.0
insert,mstar,M*DICT (C),10000,1.6790625,1.6876634399999997,1.6790625,0.04195340295688815,1.6111670000000002,1.824541,100,100.0
insert,verstable,Verstable (C),10000,1.8648535000000002,1.8739929499999997,1.8648535000000002,0.04617043717134844,1.794958,2.035167,100,100.0
insert,python,dict (python),10000,11.712354000000001,11.708899570000007,11.712354000000001,0.1433097491869459,11.23225,12.116833,100,100.0
insert,khash,khash (C),10000,1.5950625,1.6054291299999996,1.5950625,0.04235204898020064,1.5220000000000002,1.7334170000000002,100,100.0
insert,khashl,khashl (C),10000,1.7655830000000001,1.7696149099999998,1.7655830000000001,0.04754098557897283,1.688459,1.9342500000000002,100,100.0
insert,askl,ASKL Map (C),20000,2.517125,2.5354833400000016,2.517125,0.094700259488111,2.409167,3.1412500000000003,100,100.0
insert,abseil,Abseil (C++),20000,7.938354000000001,7.967367139999999,7.938354000000001,0.16093157481647122,7.701208,8.739959,100,100.0
insert,folly,F14FastMap (C++),20000,9.368979,9.348501650000003,9.368979,0.10763504787764872,9.055,9.600208,100,100.0
insert,rust,HashMap (rust),20000,2.18575,2.2049166700000002,2.18575,0.062214633410680405,2.1281670000000004,2.404291,100,100.0
insert,mstar,M*DICT (C),20000,2.688833,2.685757490000001,2.688833,0.06096202200766083,2.5638750000000003,2.8435,100,100.0
insert,verstable,Verstable (C),20000,3.0961875,3.106890380000001,3.0961875,0.05940376303520706,2.9930410000000003,3.253708,100,100.0
insert,python,dict (python),20000,12.8098125,12.856030839999999,12.8098125,0.25398941660336877,12.363333,14.135000000000002,100,100.0
insert,khash,khash (C),20000,2.8598960000000004,2.863296640000001,2.8598960000000004,0.05812264395963928,2.731083,3.0528750000000002,100,100.0
insert,khashl,khashl (C),20000,2.967166,2.973712090000001,2.967166,0.060068084489050745,2.83325,3.1251660000000006,100,100.0
insert,askl,ASKL Map (C),50000,5.253375,5.263417499999999,5.253375,0.07672789608162242,5.143750000000001,5.4655000000000005,50,100.0
insert,abseil,Abseil (C++),50000,10.054,10.029199199999999,10.054,0.11875941126942834,9.786667000000001,10.546916,50,100.0
insert,folly,F14FastMap (C++),50000,12.062396,12.055525099999999,12.062396,0.09652141449107103,11.805334,12.238792,50,100.0
insert,rust,HashMap (rust),50000,4.150188000000001,4.204300019999999,4.150188000000001,0.19805671829105936,4.003958,5.0188749999999995,50,100.0
insert,mstar,M*DICT (C),50000,5.839,5.833633299999999,5.839,0.10408183787402438,5.605958,5.998292,50,100.0
insert,verstable,Verstable (C),50000,6.472812500000001,6.4753339799999985,6.472812500000001,0.09579710033775574,6.309041000000001,6.648708000000001,50,100.0
insert,python,dict (python),50000,16.6044795,16.612320000000004,16.6044795,0.15272216331426094,16.330459,16.958584000000002,50,100.0
insert,khash,khash (C),50000,6.853666500000001,6.841588399999998,6.853666500000001,0.10298088267603218,6.665375,7.107125000000001,50,100.0
insert,khashl,khashl (C),50000,7.4614165,7.433810880000003,7.4614165,0.10707444280911887,7.241167000000001,7.663250000000001,50,100.0
insert,askl,ASKL Map (C),80000,8.269229000000001,8.3418625,8.269229000000001,0.2838810036689526,8.001625,9.426708000000001,50,100.0
insert,abseil,Abseil (C++),80000,12.5156045,12.543904980000002,12.5156045,0.20363801997096073,12.215209000000002,13.412666,50,100.0
insert,folly,F14FastMap (C++),80000,13.921916500000002,13.92920912,13.921916500000002,0.17673164477559575,13.565500000000002,14.8055,50,100.0
insert,rust,HashMap (rust),80000,6.627187500000001,6.621526719999999,6.627187500000001,0.10179855160832421,6.445833,6.936958,50,100.0
insert,mstar,M*DICT (C),80000,7.886061999999999,7.883684940000002,7.886061999999999,0.09762811535773122,7.669250000000001,8.057167,50,100.0
insert,verstable,Verstable (C),80000,10.5252915,10.50520418,10.5252915,0.08965639450286117,10.189042,10.66525,50,100.0
insert,python,dict (python),80000,19.861875,19.942924220000002,19.861875,0.3794629114126531,19.413833,21.934542,50,100.0
insert,khash,khash (C),80000,10.685875000000001,10.69060584,10.685875000000001,0.13565052018064655,10.468334,11.001125,50,100.0
insert,khashl,khashl (C),80000,10.029958500000001,10.03008432,10.029958500000001,0.09871541287002548,9.800792000000001,10.193667,50,100.0
insert,askl,ASKL Map (C),100000,10.0052295,10.013795780000002,10.0052295,0.08941658476246592,9.823833,10.273875,50,100.0
insert,abseil,Abseil (C++),100000,13.777416500000001,13.778246600000006,13.777416500000001,0.12152531451159823,13.516958,14.004375000000001,50,100.0
insert,folly,F14FastMap (C++),100000,16.4281045,16.497175719999998,16.4281045,0.3154101554897738,16.052416,17.916500000000003,50,100.0
insert,rust,HashMap (rust),100000,7.601542000000001,7.664651660000002,7.601542000000001,0.24721069919374764,7.382417,8.667875,50,100.0
insert,mstar,M*DICT (C),100000,10.823729,10.817112439999999,10.823729,0.07863513104442463,10.581291000000002,10.955291,50,100.0
insert,verstable,Verstable (C),100000,12.499333000000002,12.536340800000003,12.499333000000002,0.2201917963978176,12.326292,13.719125,50,100.0
insert,python,dict (python),100000,22.740604,22.78230914000001,22.740604,0.23000816754974673,22.384542,23.673125000000002,50,100.0
insert,khash,khash (C),100000,13.0819165,13.05037328,13.0819165,0.12722286193599514,12.617291000000002,13.265500000000001,50,100.0
insert,khashl,khashl (C),100000,14.217812499999999,14.261523279999999,14.217812499999999,0.29904544290015284,13.949125000000002,15.420708000000001,50,100.0
insert,askl,ASKL Map (C),200000,19.8564165,19.825487439999996,19.8564165,0.1789338032451153,19.116667,20.103167000000003,50,100.0
insert,abseil,Abseil (C++),200000,21.881187500000003,22.082165019999998,21.881187500000003,0.6933925114533409,21.289292,25.014750000000003,50,100.0
insert,folly,F14FastMap (C++),200000,25.6375835,25.701730059999996,25.6375835,0.5315552522262215,25.016459,27.94975,50,100.0
insert,rust,HashMap (rust),200000,15.008104000000001,15.004105779999998,15.008104000000001,0.15574267398111344,14.707791000000002,15.799834000000002,50,100.0
insert,mstar,M*DICT (C),200000,20.5614165,20.604692500000002,20.5614165,0.38610629466551943,19.918125000000003,22.542916,50,100.0
insert,verstable,Verstable (C),200000,25.122875000000004,25.24714926,25.122875000000004,0.42089458911048283,24.814292000000002,27.364500000000003,50,100.0
insert,python,dict (python),200000,35.659167000000004,35.648420859999995,35.659167000000004,0.24179323662314112,35.049083,36.511874999999996,50,100.0
insert,khash,khash (C),200000,23.5519375,23.534915039999998,23.5519375,0.2203306811611519,22.851,24.138333000000003,50,100.0
insert,khashl,khashl (C),200000,30.32525,30.339995860000005,30.32525,0.20732401198764555,29.824125000000002,30.920417,50,100.0
insert,askl,ASKL Map (C),300000,30.583645999999998,30.60607506666667,30.583645999999998,0.26881519748485727,30.271500000000003,31.635084,30,100.0
insert,abseil,Abseil (C++),300000,32.00956250000001,32.042887533333335,32.00956250000001,0.20232664870412773,31.725708000000004,32.506917,30,100.0
insert,folly,F14FastMap (C++),300000,31.616104500000006,31.619477833333338,31.616104500000006,0.1642074861133348,31.255708,32.033834000000006,30,100.0
insert,rust,HashMap (rust),300000,26.275896,26.335436200000004,26.275896,0.25343388391716254,25.939083,27.331375,30,100.0
insert,mstar,M*DICT (C),300000,27.924146000000004,27.91479176666667,27.924146000000004,0.1942974515387707,27.596625000000003,28.502208,30,100.0
insert,verstable,Verstable (C),300000,41.137375000000006,41.18008473333334,41.137375000000006,0.24059840717862627,40.804875,42.116083,30,100.0
insert,python,dict (python),300000,47.136646000000006,47.11842783333332,47.136646000000006,0.368947329546353,46.598541,48.61112500000001,30,100.0
insert,khash,khash (C),300000,36.8579165,36.907017999999994,36.8579165,0.5093901742950531,35.966167,38.977708,30,100.0
insert,khashl,khashl (C),300000,41.1458745,41.11115416666668,41.1458745,0.30677965728741635,40.429083000000006,41.710333000000006,30,100.0
insert,askl,ASKL Map (C),400000,39.506833500000006,39.5625195,39.506833500000006,0.3720217560527002,39.001125,40.58129100000001,30,100.0
insert,abseil,Abseil (C++),400000,39.688229500000006,39.73961533333333,39.688229500000006,0.43923801561766884,39.342875,41.794250000000005,30,100.0
insert,folly,F14FastMap (C++),400000,44.322,44.35425963333335,44.322,0.284160539960641,43.924292,45.113167000000004,30,100.0
insert,rust,HashMap (rust),400000,32.3820625,32.5305833,32.3820625,0.5536455988055613,32.017041000000006,34.426375,30,100.0
insert,mstar,M*DICT (C),400000,39.809917,39.775511099999996,39.809917,0.28446031908878433,39.17254200000001,40.295083000000005,30,100.0
insert,verstable,Verstable (C),400000,53.098271000000004,53.17346236666667,53.098271000000004,0.6127780288614099,52.082583,55.752250000000004,30,100.0
insert,python,dict (python),400000,62.154104000000004,62.309420733333326,62.154104000000004,0.6173890190221771,61.668625000000006,65.200625,30,100.0
insert,khash,khash (C),400000,48.14775,48.124697366666666,48.14775,0.4078707674895522,47.327167,49.65704100000001,30,100.0
insert,khashl,khashl (C),400000,64.4687285,64.51855690000001,64.4687285,0.8092521663489315,63.277583,68.275416,30,100.0
insert,askl,ASKL Map (C),500000,52.9049795,53.0309878,52.9049795,0.6744759380895173,52.327334,54.78920800000001,10,100.0
insert,abseil,Abseil (C++),500000,53.738208,54.1264167,53.738208,0.9173811234019548,53.067042,56.054209,10,100.0
insert,folly,F14FastMap (C++),500000,50.866791500000005,50.9780708,50.866791500000005,0.4837992813542048,50.37204200000001,52.02908300000001,10,100.0
insert,rust,HashMap (rust),500000,50.773708,50.871012400000005,50.773708,0.3883430801996264,50.341416,51.617542,10,100.0
insert,mstar,M*DICT (C),500000,47.789978500000004,47.834903999999995,47.789978500000004,0.37886741401269386,47.32837500000001,48.364625000000004,10,100.0
insert,verstable,Verstable (C),500000,74.32122900000002,74.28947090000001,74.32122900000002,0.2795261801089895,73.753209,74.75366700000001,10,100.0
insert,python,dict (python),500000,73.6222505,74.05608780000001,73.6222505,1.3969227032801457,73.178834,77.867458,10,100.0
insert,khash,khash (C),500000,63.582062500000006,63.6419998,63.582062500000006,0.4423615574288137,62.966041,64.38975,10,100.0
insert,khashl,khashl (C),500000,75.8497495,76.5323792,75.8497495,1.7080741383308327,75.42500000000001,81.056584,10,100.0
insert,askl,ASKL Map (C),600000,61.6937915,62.065910450000004,61.6937915,1.3324108041045262,60.746792,66.946959,20,100.0
insert,abseil,Abseil (C++),600000,63.295,63.49513540000002,63.295,1.1726640938744828,62.305666,68.214125,20,100.0
insert,folly,F14FastMap (C++),600000,57.75993750000001,58.169945900000016,57.75993750000001,0.9410865694146993,57.112625,60.385875000000006,20,100.0
insert,rust,HashMap (rust),600000,58.189667,58.475450150000015,58.189667,0.732132808559836,57.566042,60.52225000000001,20,100.0
insert,mstar,M*DICT (C),600000,55.004021,55.008552050000006,55.004021,0.37327983383705327,54.523458000000005,55.829,20,100.0
insert,verstable,Verstable (C),600000,86.407646,86.72618965000001,86.407646,0.9380219162884748,86.106584,89.47525,20,100.0
insert,python,dict (python),600000,85.3775415,85.57345205000001,85.3775415,0.9711070688474162,83.938708,87.68825000000001,20,100.0
insert,khash,khash (C),600000,72.15102100000001,72.16864794999998,72.15102100000001,0.34675820506703897,71.37383299999999,72.748,20,100.0
insert,khashl,khashl (C),600000,87.42537450000002,87.45728550000001,87.42537450000002,0.3599773743096856,86.90220900000001,88.31562500000001,20,100.0
insert,askl,ASKL Map (C),800000,81.04614600000001,81.02250830000001,81.04614600000001,0.6400784707155589,80.139875,81.990083,10,100.0
insert,abseil,Abseil (C++),800000,81.781917,83.17157500000002,81.781917,3.5462645096066634,80.808458,92.75325000000001,10,100.0
insert,folly,F14FastMap (C++),800000,85.76870850000002,86.03930410000001,85.76870850000002,1.0547795031601481,84.88208300000001,87.57925000000002,10,100.0
insert,rust,HashMap (rust),800000,72.8519375,73.36893750000002,72.8519375,1.6538500658389828,72.008667,77.48075,10,100.0
insert,mstar,M*DICT (C),800000,80.36431250000001,80.5624085,80.36431250000001,0.6248258459043253,80.015459,82.158375,10,100.0
insert,verstable,Verstable (C),800000,113.922833,114.6463124,113.922833,3.025942229666696,112.444125,122.960708,10,100.0
insert,python,dict (python),800000,116.61062500000001,116.69449999999999,116.61062500000001,0.35260843027642086,116.28416700000001,117.47562500000001,10,100.0
insert,khash,khash (C),800000,95.648583,96.0399666,95.648583,1.0251636865589575,95.14570800000001,98.698959,10,100.0
insert,khashl,khashl (C),800000,137.939792,138.2195376,137.939792,1.3220627121871291,136.785625,141.54675,10,100.0
insert,askl,ASKL Map (C),1000000,110.102875,110.05685000000001,110.102875,0.5946356519690594,108.719458,110.97912500000001,10,100.0
insert,abseil,Abseil (C++),1000000,114.37775050000002,114.73838760000002,114.37775050000002,1.152570400754687,113.510333,117.279459,10,100.0
insert,folly,F14FastMap (C++),1000000,99.12483350000001,99.27592510000002,99.12483350000001,1.1321993054333035,98.03708300000001,101.31175,10,100.0
insert,rust,HashMap (rust),1000000,114.8585415,115.57487070000002,114.8585415,2.5592752358954183,112.855,120.13725,10,100.0
insert,mstar,M*DICT (C),1000000,97.56358350000001,97.6954127,97.56358350000001,0.6372953316576857,96.93537500000001,99.03062500000001,10,100.0
insert,verstable,Verstable (C),1000000,165.6908125,165.7563875,165.6908125,1.1262404894232299,164.32350000000002,168.11758300000002,10,100.0
insert,python,dict (python),1000000,142.11016650000002,142.1185916,142.11016650000002,0.5689080044461754,141.173125,142.833917,10,100.0
insert,khash,khash (C),1000000,128.77602050000002,128.67506239999997,128.77602050000002,1.0751276150549844,126.87725,130.608167,10,100.0
insert,khashl,khashl (C),1000000,166.213,166.6742127,166.213,2.098224040547732,165.23391700000002,172.321041,10,100.0
miss,askl,ASKL Map (C),5000,1.451,1.4636367000000008,1.451,0.05084779874152456,1.396333,1.67975,100,100.0
miss,abseil,Abseil (C++),5000,7.119771,7.16454669,7.119771,0.20887227372653078,6.876959,7.990875,100,100.0
miss,folly,F14FastMap (C++),5000,8.5687505,8.60021339,8.5687505,0.24204978757096518,8.333333,10.434500000000002,100,100.0
miss,rust,HashMap (rust),5000,1.4354369999999999,1.4444271100000001,1.4354369999999999,0.04239754331788362,1.360583,1.6309580000000001,100,100.0
miss,mstar,M*DICT (C),5000,1.4690210000000001,1.4832279199999998,1.4690210000000001,0.05043523225203555,1.4212080000000002,1.679542,100,100.0
miss,verstable,Verstable (C),5000,1.5787500000000003,1.5778434100000005,1.5787500000000003,0.03209660879758095,1.521334,1.6914170000000002,100,100.0
miss,python,dict (python),5000,11.857542000000002,11.868575880000003,11.857542000000002,0.11997322517492964,11.657667,12.255084000000002,100,100.0
miss,khash,khash (C),5000,1.514146,1.52728246,1.514146,0.0492550549098273,1.4285420000000002,1.7232920000000003,100,100.0
miss,khashl,khashl (C),5000,1.5493750000000002,1.5623783499999997,1.5493750000000002,0.048422532804882276,1.4874580000000002,1.749416,100,100.0
miss,askl,ASKL Map (C),8000,1.9333745,1.9362825200000002,1.9333745,0.034174064877803494,1.856916,2.0317920000000003,100,100.0
miss,abseil,Abseil (C++),8000,7.508437500000001,7.510826670000001,7.508437500000001,0.11066751821067548,7.319834000000001,8.114292,100,100.0
miss,folly,F14FastMap (C++),8000,9.019687500000002,9.007954149999998,9.019687500000002,0.11990765520168917,8.696292000000001,9.525417000000001,100,100.0
miss,rust,HashMap (rust),8000,1.8189784999999998,1.8252274600000007,1.8189784999999998,0.04739376951431657,1.7272910000000001,1.983583,100,100.0
miss,mstar,M*DICT (C),8000,2.0808544999999996,2.0927233400000005,2.0808544999999996,0.049781017027044266,1.992667,2.2317910000000003,100,100.0
miss,verstable,Verstable (C),8000,2.163417,2.1699962500000005,2.163417,0.04774765965651346,2.091667,2.2986670000000005,100,100.0
miss,python,dict (python),8000,12.532208,12.525141210000003,12.532208,0.11505492645656308,12.110625000000002,12.776291,100,100.0
miss,khash,khash (C),8000,2.0178545,2.02586127,2.0178545,0.04735878379714314,1.94625,2.146083,100,100.0
miss,khashl,khashl (C),8000,2.147667,2.1555658399999986,2.147667,0.04972774450698443,2.0685000000000002,2.298208,100,100.0
miss,askl,ASKL Map (C),10000,2.241875,2.246896300000001,2.241875,0.04066603141493406,2.171417,2.4018750000000004,100,100.0
miss,abseil,Abseil (C++),10000,7.7582915,7.804068740000003,7.7582915,0.19567062168217095,7.551042000000001,9.130542,100,100.0
miss,folly,F14FastMap (C++),10000,9.297020499999999,9.324665,9.297020499999999,0.18850396818865298,8.992666,10.241708000000001,100,100.0
miss,rust,HashMap (rust),10000,2.000041,2.0103141100000004,2.000041,0.04943648501158742,1.9313330000000002,2.219125,100,100.0
miss,mstar,M*DICT (C),10000,2.4630830000000006,2.4833174699999994,2.4630830000000006,0.058894631799143365,2.400917,2.655292,100,100.0
miss,verstable,Verstable (C),10000,2.489646,2.484725880000001,2.489646,0.03880833236321468,2.4030830000000005,2.583416,100,100.0
miss,python,dict (python),10000,13.032145500000002,13.108847100000007,13.032145500000002,0.3279060428364143,12.673917000000001,14.757875,100,100.0
miss,khash,khash (C),10000,2.3854795,2.3944266600000015,2.3854795,0.05373128065957089,2.314708,2.5824580000000004,100,100.0
miss,khashl,khashl (C),10000,2.4796665,2.4882017,2.4796665,0.047870093153188534,2.408417,2.602417,100,100.0
miss,askl,ASKL Map (C),20000,3.8811245000000003,3.8841653499999995,3.8811245000000003,0.04011326554815586,3.7943750000000005,3.9935410000000005,100,100.0
miss,abseil,Abseil (C++),20000,9.025771,9.029816679999998,9.025771,0.11021816942927785,8.777583,9.319625,100,100.0
miss,folly,F14FastMap (C++),20000,10.673354000000002,10.67355999,10.673354000000002,0.09954076533513762,10.4285,10.918833000000001,100,100.0
miss,rust,HashMap (rust),20000,3.2173745,3.2263554400000016,3.2173745,0.05903662254774447,3.14075,3.4181250000000003,100,100.0
miss,mstar,M*DICT (C),20000,4.360688,4.3630400200000015,4.360688,0.061967212241714545,4.2176670000000005,4.488958,100,100.0
miss,verstable,Verstable (C),20000,4.316000000000001,4.314601710000001,4.316000000000001,0.0438600539621364,4.193083000000001,4.421250000000001,100,100.0
miss,python,dict (python),20000,15.302458500000002,15.301559160000002,15.302458500000002,0.18082283342870795,14.922500000000001,16.364292000000003,100,100.0
miss,khash,khash (C),20000,4.955333,4.93466829,4.955333,0.07458203010559994,4.787458000000001,5.174167000000001,100,100.0
miss,khashl,khashl (C),20000,4.514604,4.54587625,4.514604,0.11888956100935637,4.408334,5.051916,100,100.0
miss,askl,ASKL Map (C),50000,8.862937500000001,8.86956916,8.862937500000001,0.0611221400433925,8.744209000000001,9.047417000000001,50,100.0
miss,abseil,Abseil (C++),50000,13.2377085,13.22791082000001,13.2377085,0.1367946931204048,12.892584000000001,13.489791,50,100.0
miss,folly,F14FastMap (C++),50000,15.080312500000002,15.08843672,15.080312500000002,0.14548495890767876,14.795209,15.511584000000001,50,100.0
miss,rust,HashMap (rust),50000,7.1445835,7.1383766600000005,7.1445835,0.0937670006301138,6.970375,7.308333,50,100.0
miss,mstar,M*DICT (C),50000,9.431124500000003,9.445761679999999,9.431124500000003,0.10012956077155083,9.146875,9.797459000000002,50,100.0
miss,verstable,Verstable (C),50000,9.694875000000001,9.70421834,9.694875000000001,0.09091836501457146,9.566417000000001,10.145375,50,100.0
miss,python,dict (python),50000,22.288646000000004,22.269534180000004,22.288646000000004,0.1776419101092216,21.763041,22.58125,50,100.0
miss,khash,khash (C),50000,12.65975,12.661477479999995,12.65975,0.11039391462898586,12.426791000000001,12.954666,50,100.0
miss,khashl,khashl (C),50000,10.6747505,10.68426744,10.6747505,0.10790813093215833,10.451083,10.969334,50,100.0
miss,askl,ASKL Map (C),80000,13.971792,13.979368380000006,13.971792,0.07183127561647072,13.850792,14.213958,50,100.0
miss,abseil,Abseil (C++),80000,17.4147295,17.40064586,17.4147295,0.17395780112183298,16.962209,17.726708000000002,50,100.0
miss,folly,F14FastMap (C++),80000,19.2368545,19.28154424,19.2368545,0.21906623699196287,18.797084,19.761583,50,100.0
miss,rust,HashMap (rust),80000,10.758729000000002,10.788552420000002,10.758729000000002,0.14390404229053005,10.51325,11.278583,50,100.0
miss,mstar,M*DICT (C),80000,14.206229,14.212189180000001,14.206229,0.13484957646959142,13.793083000000001,14.464250000000002,50,100.0
miss,verstable,Verstable (C),80000,15.6925625,15.671140040000006,15.6925625,0.17101992244000716,15.128542000000001,16.022709,50,100.0
miss,python,dict (python),80000,29.775792000000003,29.841680840000002,29.775792000000003,0.33365899638998797,29.378,31.289083,50,100.0
miss,khash,khash (C),80000,18.3372295,18.30990344,18.3372295,0.13301798400096132,17.968667,18.578666000000002,50,100.0
miss,khashl,khashl (C),80000,15.944291499999999,15.92800074,15.944291499999999,0.1731946426036454,15.5265,16.566875000000003,50,100.0
miss,askl,ASKL Map (C),100000,17.273207999999997,17.284536640000002,17.273207999999997,0.08282859755894713,17.108500000000003,17.545041,50,100.0
miss,abseil,Abseil (C++),100000,20.385124500000003,20.503891680000006,20.385124500000003,0.47504510415316953,19.911208,22.692084,50,100.0
miss,folly,F14FastMap (C++),100000,22.589520500000003,22.684042479999995,22.589520500000003,0.40878742114070354,22.106458000000003,24.196417,50,100.0
miss,rust,HashMap (rust),100000,13.687978999999999,13.688691599999999,13.687978999999999,0.12132626525738813,13.433375000000002,14.106417,50,100.0
miss,mstar,M*DICT (C),100000,18.066770500000004,18.144981660000006,18.066770500000004,0.38145795264851995,17.5375,19.802459000000002,50,100.0
miss,verstable,Verstable (C),100000,19.105229,19.104634139999998,19.105229,0.13046833237649064,18.757541000000003,19.578625000000002,50,100.0
miss,python,dict (python),100000,34.291270499999996,34.33520168,34.291270499999996,0.5271415072086639,33.401125,36.596291,50,100.0
miss,khash,khash (C),100000,24.836958,24.845773279999996,24.836958,0.36748097875922575,24.289958,26.825875000000003,50,100.0
miss,khashl,khashl (C),100000,21.1549375,21.178659959999997,21.1549375,0.2654725114599542,20.567083,21.687916,50,100.0
miss,askl,ASKL Map (C),200000,35.91004100000001,36.03022580000001,35.91004100000001,0.4764124159760778,35.46825,38.684291,50,100.0
miss,abseil,Abseil (C++),200000,36.3096045,36.37943742,36.3096045,0.33128421779154965,35.723000000000006,37.227041,50,100.0
miss,folly,F14FastMap (C++),200000,38.336521000000005,38.881864220000004,38.336521000000005,1.1825844684566549,37.163458000000006,41.309458,50,100.0
miss,rust,HashMap (rust),200000,28.640563,28.710645000000007,28.640563,0.4742000852744398,27.862833,30.971167,50,100.0
miss,mstar,M*DICT (C),200000,36.421292,36.41719588000001,36.421292,0.2685680322328288,35.651458000000005,37.039583,50,100.0
miss,verstable,Verstable (C),200000,40.039917,40.32079331999999,40.039917,1.0250884748996347,39.398625,44.589292,50,100.0
miss,python,dict (python),200000,59.292104,59.30253082000001,59.292104,0.3899104293291217,58.026667,60.665625,50,100.0
miss,khash,khash (C),200000,44.993854,45.01731247999999,44.993854,0.2814256592458637,44.410583,45.951333000000005,50,100.0
miss,khashl,khashl (C),200000,46.7454375,46.598906580000005,46.7454375,0.6772445855042173,45.15558300000001,47.580542,50,100.0
miss,askl,ASKL Map (C),300000,54.640583500000005,54.670544400000004,54.640583500000005,0.24113378617954526,54.24925,55.27275,30,100.0
miss,abseil,Abseil (C++),300000,52.55912550000001,52.529045866666685,52.55912550000001,0.7030866449520866,50.623582999999996,54.002292,30,100.0
miss,folly,F14FastMap (C++),300000,52.855813000000005,53.207822199999995,52.855813000000005,0.8753594491897326,51.96804100000001,55.162375000000004,30,100.0
miss,rust,HashMap (rust),300000,43.8810625,44.023522099999994,43.8810625,0.7341092560926612,43.061833,47.381417,30,100.0
miss,mstar,M*DICT (C),300000,53.386396000000005,53.387209733333336,53.386396000000005,0.3121103492127735,52.647375000000004,54.093166000000004,30,100.0
miss,verstable,Verstable (C),300000,64.696771,64.69699313333334,64.696771,0.5999871667598684,63.42416600000001,65.91783300000002,30,100.0
miss,python,dict (python),300000,85.0433955,85.24865979999998,85.0433955,0.747557534785042,84.50054200000001,87.885375,30,100.0
miss,khash,khash (C),300000,64.28812500000001,64.29732926666667,64.28812500000001,0.25964791268216103,63.887291999999995,65.021375,30,100.0
miss,khashl,khashl (C),300000,67.8045,67.79167636666666,67.8045,0.9218845915965866,66.341875,71.156542,30,100.0
miss,askl,ASKL Map (C),400000,73.8511045,73.7428514,73.8511045,0.5349627247105134,72.72304100000001,74.89912500000001,30,100.0
miss,abseil,Abseil (C++),400000,70.367458,70.7184806,70.367458,1.4306486762718218,69.23800000000001,77.171375,30,100.0
miss,folly,F14FastMap (C++),400000,71.13587500000001,71.74373623333332,71.13587500000001,1.6846850300446043,69.904458,75.786709,30,100.0
miss,rust,HashMap (rust),400000,61.3347715,61.452480633333344,61.3347715,0.647538762681006,60.654667,63.94800000000001,30,100.0
miss,mstar,M*DICT (C),400000,72.650375,72.7419708666667,72.650375,0.6221253723183041,71.866208,74.795208,30,100.0
miss,verstable,Verstable (C),400000,86.10902050000001,86.43996253333333,86.10902050000001,1.7608696896833786,85.04308300000001,95.36075000000001,30,100.0
miss,python,dict (python),400000,109.95437500000001,110.11122643333334,109.95437500000001,0.7279613333806649,109.14829200000001,111.959292,30,100.0
miss,khash,khash (C),400000,101.1014585,101.1689084,101.1014585,0.7881810952274698,100.044042,104.55900000000001,30,100.0
miss,khashl,khashl (C),400000,99.5214585,99.31584853333335,99.5214585,1.5449290732318923,95.447,101.43766600000001,30,100.0
miss,askl,ASKL Map (C),500000,91.56370799999999,92.20087930000001,91.56370799999999,2.1687348250053824,90.77041700000001,98.256584,10,100.0
miss,abseil,Abseil (C++),500000,86.144375,86.8107835,86.144375,1.7026204176981155,84.821584,89.36350000000002,10,100.0
miss,folly,F14FastMap (C++),500000,85.30808350000001,86.2227249,85.30808350000001,2.9205474148446284,83.707125,92.906583,10,100.0
miss,rust,HashMap (rust),500000,79.302875,79.4008251,79.302875,0.3649743280741972,78.835417,79.982875,10,100.0
miss,mstar,M*DICT (C),500000,89.594896,89.6013749,89.594896,0.6046212675519277,88.81870800000002,91.02291600000001,10,100.0
miss,verstable,Verstable (C),500000,116.873646,116.65543339999999,116.873646,0.8916937823641747,115.10133300000001,117.865125,10,100.0
miss,python,dict (python),500000,137.1048125,137.82830419999996,137.1048125,1.8153410913289223,136.39525,142.543959,10,100.0
miss,khash,khash (C),500000,101.490792,101.58116250000002,101.490792,0.932686265435756,100.47429100000001,103.87008300000001,10,100.0
miss,khashl,khashl (C),500000,122.33220850000001,122.96904589999998,122.33220850000001,1.9189659773327847,121.12162500000001,127.62100000000001,10,100.0
miss,askl,ASKL Map (C),600000,111.8461455,112.1134917,111.8461455,0.7336759926688642,111.33645900000002,114.65579100000001,20,100.0
miss,abseil,Abseil (C++),600000,105.02706250000001,105.12035620000002,105.02706250000001,0.6531381502440899,103.968667,106.37275,20,100.0
miss,folly,F14FastMap (C++),600000,101.8340625,101.73129160000002,101.8340625,1.5885218007158473,99.4135,105.10158300000002,20,100.0
miss,rust,HashMap (rust),600000,94.1776665,94.48433350000003,94.1776665,1.2897237510504032,93.258584,99.437917,20,100.0
miss,mstar,M*DICT (C),600000,107.183937,107.2061437,107.183937,0.3803295296638516,106.56937500000001,108.17491700000001,20,100.0
miss,verstable,Verstable (C),600000,140.111792,140.40438545,140.111792,1.9771006169994831,137.8985,145.934,20,100.0
miss,python,dict (python),600000,165.00466699999998,164.86647705000004,165.00466699999998,0.7011936129974884,163.559625,165.848541,20,100.0
miss,khash,khash (C),600000,122.50310400000001,122.58144779999999,122.50310400000001,0.6784094833789421,121.46662500000001,124.875916,20,100.0
miss,khashl,khashl (C),600000,147.87591650000002,148.13894575000003,147.87591650000002,1.286844893255751,146.10425,151.584833,20,100.0
miss,askl,ASKL Map (C),800000,150.8662915,151.034425,150.8662915,0.8821220695426613,149.771375,152.490917,10,100.0
miss,abseil,Abseil (C++),800000,146.8440835,147.30493770000004,146.8440835,2.1216798386205458,145.25175000000002,152.14275000000004,10,100.0
miss,folly,F14FastMap (C++),800000,142.885021,142.7200124,142.885021,1.9829646816879052,140.242042,146.815333,10,100.0
miss,rust,HashMap (rust),800000,131.9947915,132.2555209,131.9947915,0.875923898329379,131.03008300000002,133.759084,10,100.0
miss,mstar,M*DICT (C),800000,151.73100050000002,151.68775000000002,151.73100050000002,1.58208539087848,149.60916600000002,154.42283400000002,10,100.0
miss,verstable,Verstable (C),800000,190.21060450000002,192.42287100000001,190.21060450000002,5.734789745695362,188.476042,207.78195900000003,10,100.0
miss,python,dict (python),800000,221.97272900000002,222.17844150000002,221.97272900000002,1.3211181746739495,220.64029200000002,225.239666,10,100.0
miss,khash,khash (C),800000,207.79647950000003,207.59377090000004,207.79647950000003,0.8645633135037278,205.412542,208.641917,10,100.0
miss,khashl,khashl (C),800000,217.1951045,217.65078340000002,217.1951045,3.904950011405075,212.58170800000002,226.098541,10,100.0
miss,askl,ASKL Map (C),1000000,192.90439600000002,193.38585010000003,192.90439600000002,2.6906609632980745,190.83883300000002,200.49712500000004,10,100.0
miss,abseil,Abseil (C++),1000000,185.21845850000003,185.5089292,185.21845850000003,2.4096681017624144,182.43466600000002,189.042583,10,100.0
miss,folly,F14FastMap (C++),1000000,170.036521,171.14255820000002,170.036521,4.98073047474912,166.291291,183.91387500000002,10,100.0
miss,rust,HashMap (rust),1000000,176.42764599999998,177.0778169,176.42764599999998,3.403101778348085,174.741542,186.55908300000002,10,100.0
miss,mstar,M*DICT (C),1000000,186.88889650000002,186.84466270000001,186.88889650000002,0.8421640613931661,185.149584,188.542125,10,100.0
miss,verstable,Verstable (C),1000000,262.0818125,262.4100999,262.0818125,1.2893168683469058,260.269833,264.247583,10,100.0
miss,python,dict (python),1000000,287.746875,288.6382167,287.746875,2.4721337708520434,285.760375,293.300875,10,100.0
miss,khash,khash (C),1000000,214.69720800000002,215.07300809999998,214.69720800000002,1.6178285954276583,213.29545800000002,219.225083,10,100.0
miss,khashl,khashl (C),1000000,272.48139599999996,273.03770410000004,272.48139599999996,3.3767011312804973,265.53337500000004,276.946208,10,100.0
retrieve,askl,ASKL Map (C),5000,1.3733545,1.38759213,1.3733545,0.048853611142573666,1.328459,1.557458,100,100.0
retrieve,abseil,Abseil (C++),5000,7.0981250000000005,7.113634560000003,7.0981250000000005,0.15308665264676832,6.866875,7.903459,100,100.0
retrieve,folly,F14FastMap (C++),5000,8.5110625,8.501604609999998,8.5110625,0.10782743897176628,8.234833,8.806375,100,100.0
retrieve,rust,HashMap (rust),5000,1.4420830000000002,1.4539211799999998,1.4420830000000002,0.04499621228534551,1.398542,1.6209590000000003,100,100.0
retrieve,mstar,M*DICT (C),5000,1.4471875,1.4598670200000008,1.4471875,0.04777898926929656,1.399209,1.596792,100,100.0
retrieve,verstable,Verstable (C),5000,1.5769375,1.573054530000001,1.5769375,0.02802440474519171,1.513833,1.6401670000000002,100,100.0
retrieve,python,dict (python),5000,11.787812500000001,11.800399629999996,11.787812500000001,0.15878887085118748,11.347875,12.32825,100,100.0
retrieve,khash,khash (C),5000,1.3890630000000004,1.4018458299999994,1.3890630000000004,0.04577107209547083,1.330625,1.5658340000000002,100,100.0
retrieve,khashl,khashl (C),5000,1.502125,1.5185625300000005,1.502125,0.053922170706548554,1.4515840000000002,1.7072080000000003,100,100.0
retrieve,askl,ASKL Map (C),8000,1.8069590000000002,1.81506959,1.8069590000000002,0.04185157028735088,1.7422090000000001,1.967583,100,100.0
retrieve,abseil,Abseil (C++),8000,7.510333000000001,7.533338340000002,7.510333000000001,0.16928882158029462,7.312458000000001,8.556750000000001,100,100.0
retrieve,folly,F14FastMap (C++),8000,8.9014795,8.901922550000004,8.9014795,0.11456570051402909,8.636042,9.187167,100,100.0
retrieve,rust,HashMap (rust),8000,1.848771,1.8639616500000007,1.848771,0.05347994622387523,1.8002920000000002,2.0485830000000003,100,100.0
retrieve,mstar,M*DICT (C),8000,2.0376665000000003,2.0462717100000005,2.0376665000000003,0.04549866431257276,1.9562920000000001,2.1811670000000003,100,100.0
retrieve,verstable,Verstable (C),8000,2.1827705,2.1777854800000007,2.1827705,0.02931263138403242,2.115834,2.2729580000000005,100,100.0
retrieve,python,dict (python),8000,12.393771000000001,12.376864950000002,12.393771000000001,0.13496488204215962,11.95475,12.681750000000001,100,100.0
retrieve,khash,khash (C),8000,1.8537080000000001,1.86271578,1.8537080000000001,0.04638690768740244,1.787333,2.029917,100,100.0
retrieve,khashl,khashl (C),8000,2.100833,2.109040360000001,2.100833,0.04741635564354934,2.0188750000000004,2.3010420000000003,100,100.0
retrieve,askl,ASKL Map (C),10000,2.0857914999999996,2.0876237199999994,2.0857914999999996,0.03726679244004363,2.017125,2.1762080000000004,100,100.0
retrieve,abseil,Abseil (C++),10000,7.752208500000001,7.767050430000003,7.752208500000001,0.13290348045333963,7.487709000000001,8.160333000000001,100,100.0
retrieve,folly,F14FastMap (C++),10000,9.196333500000001,9.19697204,9.196333500000001,0.12169684198436734,8.824042,9.426250000000001,100,100.0
retrieve,rust,HashMap (rust),10000,2.038854,2.04797416,2.038854,0.050407566571407804,1.9635,2.206291,100,100.0
retrieve,mstar,M*DICT (C),10000,2.4013955000000005,2.4098566499999996,2.4013955000000005,0.0478183016287074,2.3345000000000002,2.541792,100,100.0
retrieve,verstable,Verstable (C),10000,2.4645205000000003,2.461554969999999,2.4645205000000003,0.026998422229417018,2.3960410000000003,2.514708,100,100.0
retrieve,python,dict (python),10000,12.809979,12.842569520000003,12.809979,0.2273104355823463,12.562667000000001,14.363750000000001,100,100.0
retrieve,khash,khash (C),10000,2.125958,2.1364516400000007,2.125958,0.05424948895062924,2.0569170000000003,2.3487080000000002,100,100.0
retrieve,khashl,khashl (C),10000,2.4068750000000003,2.4162125799999994,2.4068750000000003,0.05430607628356858,2.3207500000000003,2.6037500000000002,100,100.0
retrieve,askl,ASKL Map (C),20000,3.531729,3.5391558500000007,3.531729,0.04004084245634245,3.46275,3.678208,100,100.0
retrieve,abseil,Abseil (C++),20000,9.024729500000001,9.026014200000002,9.024729500000001,0.10532520282612153,8.793500000000002,9.468833000000002,100,100.0
retrieve,folly,F14FastMap (C++),20000,10.5808955,10.593972559999997,10.5808955,0.22458345748506472,10.167958,11.925167,100,100.0
retrieve,rust,HashMap (rust),20000,3.3122495000000005,3.340570420000002,3.3122495000000005,0.1185723628919548,3.2125830000000004,3.9725840000000003,100,100.0
retrieve,mstar,M*DICT (C),20000,4.0265205,4.031645490000002,4.0265205,0.05397555703690648,3.93825,4.201625000000001,100,100.0
retrieve,verstable,Verstable (C),20000,4.3059585,4.30177542,4.3059585,0.0460283183365689,4.178208,4.399500000000001,100,100.0
retrieve,python,dict (python),20000,14.9068955,14.954278270000009,14.9068955,0.2874740791649825,14.595791,17.283875000000002,100,100.0
retrieve,khash,khash (C),20000,4.2464795,4.24471543,4.2464795,0.07384457857920586,4.076667,4.428917,100,100.0
retrieve,khashl,khashl (C),20000,4.2725205,4.28149207,4.2725205,0.053455598144582145,4.16725,4.435416,100,100.0
retrieve,askl,ASKL Map (C),50000,7.958666999999999,7.964944980000003,7.958666999999999,0.05443516234278448,7.831917000000001,8.110083000000001,50,100.0
retrieve,abseil,Abseil (C++),50000,13.008458000000001,13.012197540000003,13.008458000000001,0.08884519821628059,12.799125000000002,13.246250000000002,50,100.0
retrieve,folly,F14FastMap (C++),50000,15.084708000000001,15.080513300000003,15.084708000000001,0.11039740305808546,14.777667000000001,15.259041000000002,50,100.0
retrieve,rust,HashMap (rust),50000,7.065479000000001,7.074644939999999,7.065479000000001,0.10107446083435474,6.830584000000001,7.359167,50,100.0
retrieve,mstar,M*DICT (C),50000,8.748437500000001,8.747802519999999,8.748437500000001,0.11065792562100776,8.538167000000001,9.076792000000001,50,100.0
retrieve,verstable,Verstable (C),50000,9.620437500000003,9.60728496,9.620437500000003,0.09525541687226285,9.371667,9.796208,50,100.0
retrieve,python,dict (python),50000,21.632624500000002,21.650184980000002,21.632624500000002,0.2433992553534037,21.022292,22.388416000000003,50,100.0
retrieve,khash,khash (C),50000,10.741957999999999,10.743378340000003,10.741957999999999,0.10042937103168983,10.454292,10.923417,50,100.0
retrieve,khashl,khashl (C),50000,10.567604000000001,10.552795779999999,10.567604000000001,0.08956964409347763,10.378458,10.701459,50,100.0
retrieve,askl,ASKL Map (C),80000,12.4765625,12.492050040000002,12.4765625,0.12245191614053326,12.369000000000002,13.192084000000001,50,100.0
retrieve,abseil,Abseil (C++),80000,17.6619165,17.67711672,17.6619165,0.16366923525719523,17.389875000000004,18.556333000000002,50,100.0
retrieve,folly,F14FastMap (C++),80000,18.912563,18.890569299999996,18.912563,0.13432486819499212,18.568792000000002,19.222042000000002,50,100.0
retrieve,rust,HashMap (rust),80000,11.8414585,11.814708440000002,11.8414585,0.15263977647712315,11.378167000000001,12.336584000000002,50,100.0
retrieve,mstar,M*DICT (C),80000,12.7097085,12.77314662,12.7097085,0.26940913359446084,12.442125,14.092667000000002,50,100.0
retrieve,verstable,Verstable (C),80000,15.564270500000001,15.68432412,15.564270500000001,0.3264071869874917,15.132209000000001,16.378333,50,100.0
retrieve,python,dict (python),80000,28.207812500000003,28.2000899,28.207812500000003,0.12391426946115557,27.967292,28.431708000000004,50,100.0
retrieve,khash,khash (C),80000,15.971438000000001,15.9549267,15.971438000000001,0.13543315170001027,15.550375000000003,16.268291,50,100.0
retrieve,khashl,khashl (C),80000,15.246770500000002,15.248605039999998,15.246770500000002,0.15575061896296036,14.925833,15.91575,50,100.0
retrieve,askl,ASKL Map (C),100000,15.674750000000001,15.682455879999997,15.674750000000001,0.13587713566722018,15.424875000000002,16.145,50,100.0
retrieve,abseil,Abseil (C++),100000,20.354187500000002,20.498945060000004,20.354187500000002,0.5803327549225322,19.88925,22.830625,50,100.0
retrieve,folly,F14FastMap (C++),100000,22.6283335,22.689977540000008,22.6283335,0.39290298952593455,22.195625,24.920833,50,100.0
retrieve,rust,HashMap (rust),100000,14.459937000000002,14.43479078,14.459937000000002,0.23680251658569415,13.941083000000003,15.108209,50,100.0
retrieve,mstar,M*DICT (C),100000,16.7548125,16.773431699999996,16.7548125,0.10574634325558753,16.573541000000002,17.111375000000002,50,100.0
retrieve,verstable,Verstable (C),100000,18.8495005,18.832474079999997,18.8495005,0.11672313494584216,18.383375,19.036125000000002,50,100.0
retrieve,python,dict (python),100000,32.87525,32.958088260000004,32.87525,0.43622458273588244,32.446334,34.874750000000006,50,100.0
retrieve,khash,khash (C),100000,20.337166500000002,20.315400039999997,20.337166500000002,0.1413383149244108,19.935916000000002,20.518042,50,100.0
retrieve,khashl,khashl (C),100000,21.2335415,21.23304173999999,21.2335415,0.16707804085172118,20.798125,21.745375,50,100.0
retrieve,askl,ASKL Map (C),200000,31.143416000000002,31.127905700000003,31.143416000000002,0.28696373005776027,30.625916000000004,32.010958,50,100.0
retrieve,abseil,Abseil (C++),200000,37.182396000000004,37.17327832000001,37.182396000000004,0.36030272829337634,36.291416,38.267834,50,100.0
retrieve,folly,F14FastMap (C++),200000,38.412021,38.44117659999999,38.412021,0.4968188784033879,37.579125000000005,41.175208000000005,50,100.0
retrieve,rust,HashMap (rust),200000,30.815916500000004,30.857502600000004,30.815916500000004,0.31763570981467015,30.131708000000003,31.713125,50,100.0
retrieve,mstar,M*DICT (C),200000,33.1696665,33.17209336,33.1696665,0.26533911812274025,32.293583,34.046375000000005,50,100.0
retrieve,verstable,Verstable (C),200000,39.090396,38.92789080000001,39.090396,0.6277029958292546,37.842667000000006,40.74654100000001,50,100.0
retrieve,python,dict (python),200000,56.158125000000005,56.188667519999996,56.158125000000005,0.4915615795699618,55.335375000000006,59.046625000000006,50,100.0
retrieve,khash,khash (C),200000,35.926958500000005,35.98936592,35.926958500000005,0.33615463464886514,35.515417,37.548709,50,100.0
retrieve,khashl,khashl (C),200000,46.355521,46.434974260000004,46.355521,0.4683382450853929,45.95466700000001,49.343084000000005,50,100.0
retrieve,askl,ASKL Map (C),300000,47.303938,47.40916806666666,47.303938,0.7381445429039565,46.41550000000001,50.571417000000004,30,100.0
retrieve,abseil,Abseil (C++),300000,59.405125000000005,59.53662353333333,59.405125000000005,0.5892406498862132,58.669459,60.870833000000005,30,100.0
retrieve,folly,F14FastMap (C++),300000,51.4619375,51.5224764,51.4619375,0.30421478322946727,50.949042,52.20895800000001,30,100.0
retrieve,rust,HashMap (rust),300000,53.370729000000004,53.81515693333332,53.370729000000004,0.9302519783074706,52.877417,56.120166000000005,30,100.0
retrieve,mstar,M*DICT (C),300000,46.891458500000006,46.8809486,46.891458500000006,0.22024776529009954,46.45912500000001,47.465708,30,100.0
retrieve,verstable,Verstable (C),300000,64.60441650000001,64.621839,64.60441650000001,0.7687472999637688,63.04475000000001,66.86929200000002,30,100.0
retrieve,python,dict (python),300000,79.0325415,79.17303060000003,79.0325415,0.6919634225010395,78.523333,82.24870800000001,30,100.0
retrieve,khash,khash (C),300000,56.7597085,56.771754266666676,56.7597085,0.3060398044567513,56.259959,57.615500000000004,30,100.0
retrieve,khashl,khashl (C),300000,63.889375,63.85708743333335,63.889375,0.6702004204221148,61.449625,65.182416,30,100.0
retrieve,askl,ASKL Map (C),400000,63.069521,62.93510966666668,63.069521,0.4351617169690728,61.965583,63.82770800000001,30,100.0
retrieve,abseil,Abseil (C++),400000,74.31683350000002,74.80648876666666,74.31683350000002,1.7817357852099642,73.87420800000001,83.12495799999999,30,100.0
retrieve,folly,F14FastMap (C++),400000,70.9134165,70.87694873333335,70.9134165,0.3619187822225361,70.107292,71.455708,30,100.0
retrieve,rust,HashMap (rust),400000,68.1050205,68.40763343333334,68.1050205,1.2662144676183873,66.99020800000001,72.70700000000001,30,100.0
retrieve,mstar,M*DICT (C),400000,65.38879150000001,65.61484163333333,65.38879150000001,0.7364265477393334,64.721208,68.385792,30,100.0
retrieve,verstable,Verstable (C),400000,83.073125,83.21041249999999,83.073125,0.6993485809564332,82.33875,86.28475,30,100.0
retrieve,python,dict (python),400000,103.423188,103.40551523333333,103.423188,0.3467688345593251,102.51125000000002,104.19608300000002,30,100.0
retrieve,khash,khash (C),400000,76.91033350000001,76.89218610000002,76.91033350000001,0.3631962604351721,76.013542,77.790958,30,100.0
retrieve,khashl,khashl (C),400000,98.6739795,98.84535553333333,98.6739795,0.9243980603649792,97.77633300000001,102.46220800000002,30,100.0
retrieve,askl,ASKL Map (C),500000,80.96329150000001,81.00957490000002,80.96329150000001,0.35609041652225043,80.49225,81.568458,10,100.0
retrieve,abseil,Abseil (C++),500000,108.5794795,108.70067079999998,108.5794795,0.9864466577335699,107.582458,110.05312500000001,10,100.0
retrieve,folly,F14FastMap (C++),500000,83.70931250000001,83.6845083,83.70931250000001,0.3933025700314512,82.963625,84.23987500000001,10,100.0
retrieve,rust,HashMap (rust),500000,106.75729150000002,107.6321499,106.75729150000002,2.3677734988724213,104.77412500000001,112.69020900000001,10,100.0
retrieve,mstar,M*DICT (C),500000,79.1678335,79.0255125,79.1678335,0.4179708687361524,78.08704100000001,79.409458,10,100.0
retrieve,verstable,Verstable (C),500000,121.512459,122.23497100000003,121.512459,1.6524311073486064,120.54937500000001,124.63383400000001,10,100.0
retrieve,python,dict (python),500000,125.86008300000002,125.88399590000002,125.86008300000002,0.23217239796105998,125.51262500000001,126.20004200000001,10,100.0
retrieve,khash,khash (C),500000,92.581354,92.5728789,92.581354,1.1124568035671194,90.88725000000001,94.84241600000001,10,100.0
retrieve,khashl,khashl (C),500000,118.10547900000002,118.12060830000001,118.10547900000002,0.29825834999471085,117.68454100000001,118.65204200000001,10,100.0
retrieve,askl,ASKL Map (C),600000,96.783438,97.13663565,96.783438,1.1040425148043926,96.020333,100.310416,20,100.0
retrieve,abseil,Abseil (C++),600000,127.34947950000003,128.13004590000003,127.34947950000003,2.1653380261993584,125.7715,133.399875,20,100.0
retrieve,folly,F14FastMap (C++),600000,96.983354,97.25543320000001,96.983354,1.1018298777238265,96.10908300000001,100.840625,20,100.0
retrieve,rust,HashMap (rust),600000,123.87022900000001,124.24188945,123.87022900000001,2.403510961066803,121.413375,131.70950000000002,20,100.0
retrieve,mstar,M*DICT (C),600000,92.7129585,92.72280015000003,92.7129585,0.39739134704168794,92.018625,93.91733400000001,20,100.0
retrieve,verstable,Verstable (C),600000,142.16241699999998,142.77587710000003,142.16241699999998,2.602896265518811,139.918291,152.57825,20,100.0
retrieve,python,dict (python),600000,150.676896,150.7835332,150.676896,1.0767005182843792,149.049958,153.110458,20,100.0
retrieve,khash,khash (C),600000,107.738417,107.72358344999999,107.738417,0.5265899730566833,106.76708300000001,108.67479100000001,20,100.0
retrieve,khashl,khashl (C),600000,139.3716665,139.55989380000003,139.3716665,1.1278147998083707,138.19920800000003,142.600334,20,100.0
retrieve,askl,ASKL Map (C),800000,128.07006250000003,127.90589570000002,128.07006250000003,0.5080572884433977,126.87629100000001,128.52866600000002,10,100.0
retrieve,abseil,Abseil (C++),800000,165.050667,165.9523001,165.050667,3.3974441230383916,162.485917,173.7965,10,100.0
retrieve,folly,F14FastMap (C++),800000,137.9463125,137.8032999,137.9463125,1.582166352443552,135.50120800000002,139.870042,10,100.0
retrieve,rust,HashMap (rust),800000,158.14225000000002,159.39856670000003,158.14225000000002,2.618338460937186,157.507333,165.77650000000003,10,100.0
retrieve,mstar,M*DICT (C),800000,136.673125,137.7362167,136.673125,3.169031018969503,135.77745900000002,146.257291,10,100.0
retrieve,verstable,Verstable (C),800000,186.87358350000002,187.02093340000005,186.87358350000002,2.171504688619195,184.62145800000002,191.10175,10,100.0
retrieve,python,dict (python),800000,204.29562500000003,204.21018759999998,204.29562500000003,0.8118448106463306,202.7125,205.654042,10,100.0
retrieve,khash,khash (C),800000,149.763854,149.84925840000002,149.763854,0.4755423622931766,149.16220800000002,150.615209,10,100.0
retrieve,khashl,khashl (C),800000,222.8563965,224.22317940000002,222.8563965,3.801593283740649,221.05787500000002,233.765625,10,100.0
retrieve,askl,ASKL Map (C),1000000,172.452917,172.79874590000003,172.452917,1.0904772556179672,171.82350000000002,175.532292,10,100.0
retrieve,abseil,Abseil (C++),1000000,253.0460625,253.7069292,253.0460625,1.6997645328139974,251.897125,256.67025,10,100.0
retrieve,folly,F14FastMap (C++),1000000,162.48406300000002,162.22224180000003,162.48406300000002,0.8123725965846763,160.51891600000002,163.049209,10,100.0
retrieve,rust,HashMap (rust),1000000,251.4337915,252.0121039,251.4337915,1.958092261392273,248.84412500000002,254.99966600000002,10,100.0
retrieve,mstar,M*DICT (C),1000000,164.4131875,165.4187625,164.4131875,2.7118917232759348,163.69225,172.73295800000002,10,100.0
retrieve,verstable,Verstable (C),1000000,297.7693745,300.2053498,297.7693745,5.547531859190711,295.161,312.339792,10,100.0
retrieve,python,dict (python),1000000,265.0962705,266.49944569999997,265.0962705,6.731375856470537,259.379709,280.53979200000003,10,100.0
retrieve,khash,khash (C),1000000,192.11587450000002,192.70536650000003,192.11587450000002,1.9436779067477163,191.115291,197.72529200000002,10,100.0
retrieve,khashl,khashl (C),1000000,272.46514600000006,272.4396667,272.46514600000006,4.591123042481406,267.791834,282.107375,10,100.0
update,askl,ASKL Map (C),5000,1.3799585,1.3947158700000004,1.3799585,0.04181061283537707,1.3565,1.6243750000000001,100,100.0
update,abseil,Abseil (C++),5000,7.131562000000001,7.17671956,7.131562000000001,0.22814505290626494,6.910208,8.433291,100,100.0
update,folly,F14FastMap (C++),5000,8.5421875,8.541854190000002,8.5421875,0.09784748211815428,8.302708,8.813457999999999,100,100.0
update,rust,HashMap (rust),5000,1.4490000000000003,1.4606274899999998,1.4490000000000003,0.04485859729080803,1.3911660000000001,1.651792,100,100.0
update,mstar,M*DICT (C),5000,1.4350835000000002,1.44986165,1.4350835000000002,0.051289462111080306,1.3778750000000002,1.5982090000000002,100,100.0
update,verstable,Verstable (C),5000,1.5715625,1.57707671,1.5715625,0.033823163274370835,1.512667,1.704334,100,100.0
update,python,dict (python),5000,11.777375,11.852806659999993,11.777375,0.2588696728081572,11.449625000000001,13.094167,100,100.0
update,khash,khash (C),5000,1.3873330000000001,1.3944250199999997,1.3873330000000001,0.04944910538782438,1.3145000000000002,1.58675,100,100.0
update,khashl,khashl (C),5000,1.5142499999999999,1.5253445800000003,1.5142499999999999,0.05158481671283293,1.456791,1.6890830000000001,100,100.0
update,askl,ASKL Map (C),8000,1.8405415,1.8423908199999999,1.8405415,0.029430680361709805,1.792083,1.9575410000000002,100,100.0
update,abseil,Abseil (C++),8000,7.511771,7.515415760000001,7.511771,0.09746458431802425,7.2995,7.929958000000001,100,100.0
update,folly,F14FastMap (C++),8000,8.984813,8.982720830000002,8.984813,0.14021796667217037,8.72825,9.427875,100,100.0
update,rust,HashMap (rust),8000,1.857146,1.8696058400000002,1.857146,0.04954936522230872,1.7923330000000002,2.020125,100,100.0
update,mstar,M*DICT (C),8000,2.028979,2.0403391999999996,2.028979,0.04866118215380777,1.932959,2.169958,100,100.0
update,verstable,Verstable (C),8000,2.1805000000000003,2.183969570000001,2.1805000000000003,0.037277765247443896,2.1041250000000002,2.3818330000000003,100,100.0
update,python,dict (python),8000,12.437375000000001,12.472985070000005,12.437375000000001,0.20857584097664866,12.170584,13.811875,100,100.0
update,khash,khash (C),8000,1.882604,1.90615336,1.882604,0.09196805771280081,1.793958,2.342625,100,100.0
update,khashl,khashl (C),8000,2.1147915,2.124840889999999,2.1147915,0.04885646305847099,2.033084,2.2509590000000004,100,100.0
update,askl,ASKL Map (C),10000,2.1306455,2.1310666200000004,2.1306455,0.02620013639828016,2.0879590000000006,2.2357500000000003,100,100.0
update,abseil,Abseil (C++),10000,7.801334,7.800525430000001,7.801334,0.16075136093209388,7.530792000000001,8.308667,100,100.0
update,folly,F14FastMap (C++),10000,9.22175,9.219867520000001,9.22175,0.10372486979616767,8.985209000000001,9.471125,100,100.0
update,rust,HashMap (rust),10000,2.041521,2.049493279999999,2.041521,0.04932402514768328,1.966542,2.2070830000000004,100,100.0
update,mstar,M*DICT (C),10000,2.4156250000000004,2.4243641499999997,2.4156250000000004,0.0516738004192178,2.338,2.5677920000000003,100,100.0
update,verstable,Verstable (C),10000,2.4751255000000003,2.4800779000000004,2.4751255000000003,0.04068157914942473,2.393209,2.690167,100,100.0
update,python,dict (python),10000,12.805271,12.813142469999992,12.805271,0.11814230340460843,12.523500000000002,13.078125000000002,100,100.0
update,khash,khash (C),10000,2.1284579999999997,2.14259453,2.1284579999999997,0.05638650534014178,2.047083,2.312541,100,100.0
update,khashl,khashl (C),10000,2.4161255,2.424710799999999,2.4161255,0.0473392076356983,2.343,2.559708,100,100.0
update,askl,ASKL Map (C),20000,3.7078960000000003,3.7019916400000006,3.7078960000000003,0.03346199336123708,3.600833,3.766042,100,100.0
update,abseil,Abseil (C++),20000,9.066438,9.070069939999994,9.066438,0.08976623451716301,8.860083000000001,9.301250000000001,100,100.0
update,folly,F14FastMap (C++),20000,10.5855625,10.57757127,10.5855625,0.11765147673126579,10.193750000000001,10.776541,100,100.0
update,rust,HashMap (rust),20000,3.3181670000000003,3.3296883300000024,3.3181670000000003,0.056857341883539705,3.222959,3.4554590000000003,100,100.0
update,mstar,M*DICT (C),20000,4.027999500000001,4.05143796,4.027999500000001,0.12524608722297495,3.9091250000000004,4.812667,100,100.0
update,verstable,Verstable (C),20000,4.334625,4.33762919,4.334625,0.04570655699345404,4.248334000000001,4.463792000000001,100,100.0
update,python,dict (python),20000,14.986083500000001,14.969542980000005,14.986083500000001,0.15281725683292108,14.441541,15.570250000000001,100,100.0
update,khash,khash (C),20000,4.2792085,4.277220929999999,4.2792085,0.06335726635855898,4.1290830000000005,4.4417919999999995,100,100.0
update,khashl,khashl (C),20000,4.308187500000001,4.3038300499999975,4.308187500000001,0.06860782851249189,4.1148750000000005,4.4267080000000005,100,100.0
update,askl,ASKL Map (C),50000,8.3905625,8.373980040000001,8.3905625,0.06913316891568674,8.200084,8.510458999999999,50,100.0
update,abseil,Abseil (C++),50000,13.0335,13.032798400000004,13.0335,0.09590468281452734,12.831625,13.250709,50,100.0
update,folly,F14FastMap (C++),50000,15.193771000000002,15.293585839999999,15.193771000000002,0.4318289499172411,14.88225,17.053792,50,100.0
update,rust,HashMap (rust),50000,7.057250000000001,7.055666579999998,7.057250000000001,0.09947623734362133,6.869917000000001,7.323708000000001,50,100.0
update,mstar,M*DICT (C),50000,8.714479,8.724268360000002,8.714479,0.09038031479791263,8.525209,8.929875000000001,50,100.0
update,verstable,Verstable (C),50000,9.6893545,9.689366660000003,9.6893545,0.09008747789189596,9.480625000000002,9.916250000000002,50,100.0
update,python,dict (python),50000,21.8755625,21.966039220000003,21.8755625,0.3915442559665244,21.473625,23.790958,50,100.0
update,khash,khash (C),50000,10.890020999999999,10.895906760000003,10.890020999999999,0.16907576606658456,10.608959,11.582083,50,100.0
update,khashl,khashl (C),50000,10.682354000000002,10.681238360000004,10.682354000000002,0.09232515502393855,10.4685,10.870167,50,100.0
update,askl,ASKL Map (C),80000,13.312333500000001,13.298992459999997,13.312333500000001,0.1054561959562338,13.028917000000002,13.59425,50,100.0
update,abseil,Abseil (C++),80000,17.736396000000003,17.74593578,17.736396000000003,0.11811919462798105,17.394208000000003,18.002667,50,100.0
update,folly,F14FastMap (C++),80000,19.0543335,19.06085912,19.0543335,0.20296188419610786,18.333333,19.8615,50,100.0
update,rust,HashMap (rust),80000,11.786874500000001,11.797764939999997,11.786874500000001,0.1544078260637426,11.413208000000001,12.084875,50,100.0
update,mstar,M*DICT (C),80000,12.6917915,12.702262459999996,12.6917915,0.12057767460416281,12.448875000000001,13.034875000000001,50,100.0
update,verstable,Verstable (C),80000,15.583520500000002,15.586092520000001,15.583520500000002,0.06819465396403947,15.442083,15.78125,50,100.0
update,python,dict (python),80000,28.570417,28.555422459999992,28.570417,0.19078909546570214,28.039250000000003,29.017459000000002,50,100.0
update,khash,khash (C),80000,16.1017705,16.12431752,16.1017705,0.13388218100182592,15.785959000000002,16.424167,50,100.0
update,khashl,khashl (C),80000,15.3747085,15.397294220000001,15.3747085,0.2356126562223138,14.938292,16.368417,50,100.0
update,askl,ASKL Map (C),100000,16.545417,16.553397499999996,16.545417,0.20613111783822155,16.241083,17.557959,50,100.0
update,abseil,Abseil (C++),100000,20.504895500000003,20.747483360000004,20.504895500000003,0.7507099236759437,19.902792,23.709583000000002,50,100.0
update,folly,F14FastMap (C++),100000,22.704813000000005,22.66158506000001,22.704813000000005,0.19065181001366377,22.027500000000003,22.94375,50,100.0
update,rust,HashMap (rust),100000,14.236729,14.2351516,14.236729,0.14257017752342618,13.863834,14.630417000000001,50,100.0
update,mstar,M*DICT (C),100000,16.6603545,16.709486800000004,16.6603545,0.24327893307854817,16.327292,18.188208,50,100.0
update,verstable,Verstable (C),100000,19.016667,19.10192504,19.016667,0.38358569961858047,18.450458,20.963041,50,100.0
update,python,dict (python),100000,33.68112500000001,33.73326004,33.68112500000001,0.3615557554972988,33.140458,35.174417,50,100.0
update,khash,khash (C),100000,20.4383125,20.44268084,20.4383125,0.13255799924967174,20.094792,20.695750000000004,50,100.0
update,khashl,khashl (C),100000,21.354354500000003,21.43417008,21.354354500000003,0.346099557841903,20.896292,23.159583,50,100.0
update,askl,ASKL Map (C),200000,32.973375,32.9547875,32.973375,0.5295551716038448,32.284958,35.453042,50,100.0
update,abseil,Abseil (C++),200000,37.4612915,37.52208834000001,37.4612915,0.3561655756965998,36.923875,39.172333,50,100.0
update,folly,F14FastMap (C++),200000,38.3525415,38.44102333999999,38.3525415,0.5000541286526854,37.909375000000004,41.435125000000006,50,100.0
update,rust,HashMap (rust),200000,30.758896,30.821590099999998,30.758896,0.4272225553015882,30.339375,32.807,50,100.0
update,mstar,M*DICT (C),200000,32.9264795,32.9703559,32.9264795,0.340971033793449,32.239208000000005,34.368834,50,100.0
update,verstable,Verstable (C),200000,39.568104500000004,39.74672254,39.568104500000004,1.0380401564205304,39.186917,46.683292,50,100.0
update,python,dict (python),200000,57.58070850000001,57.66852168000001,57.58070850000001,0.5138572917478811,57.180709,60.697208,50,100.0
update,khash,khash (C),200000,35.943250000000006,35.89759505999999,35.943250000000006,0.30865829175394927,35.086625000000005,36.505500000000005,50,100.0
update,khashl,khashl (C),200000,46.652187500000004,46.6387401,46.652187500000004,0.3674173031964237,45.067541000000006,47.411,50,100.0
update,askl,ASKL Map (C),300000,50.2213755,50.15357233333334,50.2213755,0.4087549587926842,49.47604200000001,50.829708000000004,30,100.0
update,abseil,Abseil (C++),300000,59.576146,59.898993100000006,59.576146,1.4357196155471015,58.91979200000001,66.85866700000001,30,100.0
update,folly,F14FastMap (C++),300000,51.56039600000001,51.68447633333335,51.56039600000001,0.5675889213747947,51.043583000000005,53.660250000000005,30,100.0
update,rust,HashMap (rust),300000,52.842625000000005,53.57016663333333,52.842625000000005,2.6609381420279985,52.027,66.895875,30,100.0
update,mstar,M*DICT (C),300000,46.713187500000004,46.8201251,46.713187500000004,0.5495513374058657,46.302041,49.469917,30,100.0
update,verstable,Verstable (C),300000,66.49377050000001,66.35135276666668,66.49377050000001,0.8975689944250252,64.710792,68.72816700000001,30,100.0
update,python,dict (python),300000,80.4846045,80.50542506666667,80.4846045,0.4248886081235487,79.56925000000001,81.825333,30,100.0
update,khash,khash (C),300000,57.114604,57.19433736666667,57.114604,0.4814727246565901,56.67745800000001,59.252750000000006,30,100.0
update,khashl,khashl (C),300000,64.117021,64.14413606666669,64.117021,0.542384623705796,62.69712500000001,65.304791,30,100.0
update,askl,ASKL Map (C),400000,66.17489549999999,66.21276399999999,66.17489549999999,0.438777336340977,65.324375,67.13974999999999,30,100.0
update,abseil,Abseil (C++),400000,74.76108350000001,75.14139313333334,74.76108350000001,1.4899303755996804,74.08166700000001,82.00750000000001,30,100.0
update,folly,F14FastMap (C++),400000,70.8291665,70.94015553333334,70.8291665,0.5515092392249331,69.716042,72.20658300000001,30,100.0
update,rust,HashMap (rust),400000,67.435479,67.90303466666667,67.435479,1.433336107580092,66.226625,72.219375,30,100.0
update,mstar,M*DICT (C),400000,65.00116650000001,65.02176663333333,65.00116650000001,0.30666917156704804,64.21754200000001,65.761,30,100.0
update,verstable,Verstable (C),400000,84.836854,85.08243039999999,84.836854,1.246997337440916,83.604083,89.412625,30,100.0
update,python,dict (python),400000,106.53352050000001,106.96118190000001,106.53352050000001,1.9483508252351558,105.49533400000001,115.57958400000001,30,100.0
update,khash,khash (C),400000,77.579854,77.64396113333335,77.579854,0.45662880826234,76.74908300000001,78.6995,30,100.0
update,khashl,khashl (C),400000,98.96735450000001,99.21715146666668,98.96735450000001,1.1400302304308068,97.70487500000002,103.040208,30,100.0
update,askl,ASKL Map (C),500000,87.1434375,87.52461660000002,87.1434375,1.7712086528892714,85.829125,91.82316700000001,10,100.0
update,abseil,Abseil (C++),500000,109.54750000000001,109.53882070000002,109.54750000000001,1.3557744855278238,108.022167,112.92458300000001,10,100.0
update,folly,F14FastMap (C++),500000,82.91289600000002,83.29994590000001,82.91289600000002,1.1720032684308297,82.078542,85.13725000000001,10,100.0
update,rust,HashMap (rust),500000,107.458125,107.8487167,107.458125,2.2771953035998305,104.35762500000001,112.64550000000001,10,100.0
update,mstar,M*DICT (C),500000,78.61054200000001,78.7502458,78.61054200000001,0.48545321594471835,78.420958,80.063708,10,100.0
update,verstable,Verstable (C),500000,123.04950000000001,123.94352900000003,123.04950000000001,3.4369199488848565,121.12737500000001,132.59479100000001,10,100.0
update,python,dict (python),500000,130.01114600000002,129.9756918,130.01114600000002,0.6932030310331267,128.829209,131.274042,10,100.0
update,khash,khash (C),500000,92.9017915,92.8123916,92.9017915,0.27404231155839187,92.326291,93.153917,10,100.0
update,khashl,khashl (C),500000,118.870333,118.58858330000002,118.870333,0.5717058048342012,117.757625,119.325416,10,100.0
update,askl,ASKL Map (C),600000,102.5697705,102.52459585,102.5697705,0.43828182721758596,101.642459,103.289375,20,100.0
update,abseil,Abseil (C++),600000,127.9442915,128.2842937,127.9442915,1.3839584531746174,126.637625,132.789083,20,100.0
update,folly,F14FastMap (C++),600000,95.695792,96.0406876,95.695792,1.0648021622710944,95.145875,99.468209,20,100.0
update,rust,HashMap (rust),600000,123.574042,123.5662438,123.574042,2.1829909456719814,120.042334,128.81125000000003,20,100.0
update,mstar,M*DICT (C),600000,92.479021,92.55646874999998,92.479021,0.8026559037294071,91.64900000000002,94.38525,20,100.0
update,verstable,Verstable (C),600000,144.60847900000002,144.71129995,144.60847900000002,1.467953639360751,142.048959,146.79225000000002,20,100.0
update,python,dict (python),600000,154.16993750000003,154.4223249,154.16993750000003,1.3341795841062756,153.243875,159.77650000000003,20,100.0
update,khash,khash (C),600000,107.7095005,107.8852834,107.7095005,0.9990884429170186,106.80283400000002,111.457791,20,100.0
update,khashl,khashl (C),600000,139.4943335,139.81446250000002,139.4943335,1.4936607103625226,138.553125,145.67220799999998,20,100.0
update,askl,ASKL Map (C),800000,135.500313,135.5047125,135.500313,0.5616022032198522,134.569333,136.44483300000002,10,100.0
update,abseil,Abseil (C++),800000,166.4707085,169.34900840000003,166.4707085,9.676368615562652,165.431542,196.81541700000002,10,100.0
update,folly,F14FastMap (C++),800000,140.31172899999999,140.3513709,140.31172899999999,0.8902842993720184,138.585917,141.764417,10,100.0
update,rust,HashMap (rust),800000,156.95468750000003,157.30176240000003,156.95468750000003,2.052732379640212,154.77295800000002,161.92712500000002,10,100.0
update,mstar,M*DICT (C),800000,136.2430625,136.08246240000003,136.2430625,1.010398459497836,134.84316600000002,138.120083,10,100.0
update,verstable,Verstable (C),800000,192.370729,192.68216669999998,192.370729,1.9971957811207863,190.2655,197.749334,10,100.0
update,python,dict (python),800000,211.33675000000002,212.30280430000008,211.33675000000002,2.9192074306613907,210.65291700000003,220.404625,10,100.0
update,khash,khash (C),800000,151.19543750000003,151.19162079999998,151.19543750000003,0.6882695322534597,150.19795800000003,152.235209,10,100.0
update,khashl,khashl (C),800000,221.29135399999998,222.7591707,221.29135399999998,5.509347572097914,219.114458,237.92620800000003,10,100.0
update,askl,ASKL Map (C),1000000,182.8955625,183.08317500000004,182.8955625,1.207655977927854,181.51908400000002,186.175208,10,100.0
update,abseil,Abseil (C++),1000000,255.81947900000003,255.0385583,255.81947900000003,2.8701391659055258,249.661875,259.71325,10,100.0
update,folly,F14FastMap (C++),1000000,166.84397900000002,166.9636582,166.84397900000002,0.4959062312961972,166.31679200000002,167.844042,10,100.0
update,rust,HashMap (rust),1000000,251.627167,252.29954990000004,251.627167,2.5860799730579522,249.35054200000002,257.263042,10,100.0
update,mstar,M*DICT (C),1000000,164.84970900000002,165.37934599999997,164.84970900000002,2.2083785857549687,163.26825,170.69220900000002,10,100.0
update,verstable,Verstable (C),1000000,301.03029200000003,301.56904579999997,301.03029200000003,3.905882348178581,297.13358300000004,308.441458,10,100.0
update,python,dict (python),1000000,266.860521,268.99456680000003,266.860521,4.605355629365441,265.45241699999997,278.496958,10,100.0
update,khash,khash (C),1000000,192.885042,193.37741270000004,192.885042,2.1229878064988723,191.33170800000002,199.00875000000002,10,100.0
update,khashl,khashl (C),1000000,274.93297900000005,275.26241650000003,274.93297900000005,3.9024567287178997,270.343583,282.463292,10,100.0
